City served / location;ICAO;Airport name;Usage
Abbeville / Buigny-Saint-Maclou;LFOI;Aerodrome Abbeville;Public
Agen / La Garenne;LFBA;Agen La Garenne Airport;Public
Aire-sur-l'Adour;LFDA;Aire-sur-l'Adour Airport;Public
Aix-en-Provence / Les Milles;LFMA;Aix-en-Provence Aerodrome (BA 114);Public/mil.
Ajaccio / Campo dell'Oro;LFKJ;Ajaccio Napoleon Bonaparte Airport;Public
Albert / Bray-sur-Somme;LFAQ;Albert – Picardie Airport;Restricted
Albertville;LFKA;Albertville Aerodrome;Restricted
Albi / Le Sequestre;LFCI;Albi - Le Sequestre Aerodrome (UAF);Public
Alençon / Valframbert;LFOF;Alençon - Valframbert Aerodrome (WEB UAF);Public
Alès / Deaux;LFMS;Alès - Deaux Airport;Public
Alpe d'Huez;LFHU;Alpe d'Huez Airport;
Ambérieu-en-Bugey;LFXA;Ambérieu-en-Bugey Air Base (BA 278);Public/mil.
Ambert / Le Poyet;LFHT;Ambert - Le Poyet Airport;Public
Amboise / Dierre;LFEF;Amboise - Dierre Airport;Public
Amiens / Glisy;LFAY;Amiens – Glisy Aerodrome;Public
Ancenis;LFFI;Ancenis Aerodrome (UAF);Public
Andernos-les-Bains;LFCD;Andernos-les-Bains Airport;Public
Angers / Avrillé;LFRA;Angers – Avrillé Airport;
Angers / Marcé;LFJR;Angers – Loire Airport;Public
Angoulême / Brie / Champniers;LFBU;Angoulême – Cognac International Airport;Public
Annecy / Meythet;LFLP;Annecy – Haute-Savoie – Mont Blanc Airport;Public
Annemasse;LFLI;Annemasse Aerodrome;Public
Arbois;LFGD;Arbois Aerodrome;Restricted
Arcachon / La Teste-de-Buch;LFCH;Arcachon – La Teste-de-Buch Airport;Public
Argentan;LFAJ;Argentan Aerodrome (UAF);Public
Argenton-sur-Creuse;LFEG;Argenton-sur-Creuse Airport;Public
Arras / Roclincourt;LFQD;Arras – Roclincourt Airport;Public
Aspres-sur-Buëch;LFNJ;Aspres-sur-Buëch Aerodrome;Restricted
Aubagne;;Aubagne - Agora Heliport;
Aubenas / Ardèche Méridional;LFHO;Aubenas Aerodrome;Public
Aubenasson;LFJF;Aubenasson Aerodrome;Restricted
Aubigny-sur-Nère;LFEH;Aubigny-sur-Nère Airport;Public
Auch / Lamothe-Goas;LFDH;Auch - Lamothe Airport (UAF);Public
Aurillac;LFLW;Aurillac – Tronquières Airport;Public
Autun / Bellevue;LFQF;Autun - Bellevue Aerodrome (UAF);Public
Auxerre / Branches;LFLA;Auxerre – Branches Aerodrome;Public
Avallon;LFGE;Avallon Airport;Public
Avignon / Caumont-sur-Durance;LFMV;Avignon – Provence Airport;Public
Avignon / Pujaut;LFNT;Avignon - Pujaut Aerodrome (UAF);Restricted
Avord;LFOA;Avord Air Base (BA 702);Military
Avranches / Le Val-Saint-Père;LFRW;Avranches - Le Val-Saint-Père Aerodrome;Restricted
Bagnères-de-Luchon;LFCB;Bagnères-de-Luchon Airport;Public
Bagnoles-de-l'Orne / Couterne;LFAO;Bagnoles-de-l'Orne - Couterne Airport;Public
Bailleau-Armenonville;LFFL;Bailleau-Armenonville Aerodrome;Restricted
Barcelonnette / Saint-Pons;LFMR;Barcelonnette – Saint-Pons Airfield;Public
Bar-le-Duc / Les Hauts-de-Chée;LFEU;Bar-le-Duc - Les Hauts-de-Chée Airport;Public
Bar-sur-Seine;LFFR;Bar-sur-Seine Aerodrome;Restricted
Bastia / Poretta;LFKB;Bastia – Poretta Airport;Public
Beaune / Challanges;LFGF;Beaune - Challanges Airport;Public
Beauvais / Tillé;LFOB;Beauvais–Tillé Airport;Public
Bédarieux / La Tour-sur-Orb;LFNX;Bédarieux - La Tour-sur-Orb Aerodrome;Restricted
Belfort / Chaux;LFGG;Belfort Chaux Airport;Public
Belfort / Fontaine;LFSQ;Belfort - Fontaine Aerodrome;
Belle Île / Le Palais;LFEA;Belle-Île Aerodrome (UAF);Public
Bellegarde-sur-Valserine / Vouvray;LFHN;Bellegarde - Vouvray Aerodrome;Public
Belleville / Villié-Morgon;LFHW;Belleville - Villié-Morgon Aerodrome;Restricted
Belley / Peyrieu;LFKY;Belley - Peyrieu Aerodrome;Restricted
Belvès / Saint-Pardoux-et-Vielvic;LFIB;Belvès - Saint-Pardoux Aerodrome;Restricted
Berck;LFAM;Berck-sur-Mer Airport;Public
Bergerac / Roumanière;LFBE;Bergerac Dordogne Périgord Airport;Public
Bernay / Saint-Martin-du-Tilleul;LFPD;Bernay–St Martin Airport;Public
Berre-l'Étang / La Fare-les-Oliviers;LFNR;Berre - La Fare Aerodrome (UAF);Restricted
Besançon / La Vèze;LFQM;Besançon – La Vèze Aerodrome;Public
Besançon / Thise;LFSA;Besançon - Thise Airport;Public
Beynes / Thiverval;LFPF;Beynes - Thiverval Aerodrome;Restricted
Béziers / Vias;LFMU;Béziers Cap d'Agde Airport;Public
Biarritz;LFBZ;Biarritz Pays Basque Airport;Public
Biscarrosse / Parentis-en-Born;LFBS;Biscarrosse – Parentis Airport;Public
Blois / Le Breuil;LFOQ;Blois - Le Breuil Airport (UAF);Public
Bordeaux / Léognan / Saucats;LFCS;Bordeaux - Leognan - Saucats Airport;Public
Bordeaux / Mérignac;LFBD;Bordeaux–Mérignac Airport (BA 106);Public/mil.
Bordeaux / Souge;LFDO;Bordeaux - Souge Aerodrome;
Bordeaux / Yvrac;LFDY;Bordeaux - Yvrac Aerodrome;Restricted
Bourg-en-Bresse / Ceyzériat;LFHS;Bourg – Ceyzériat Airport;Public
Bourges;LFLD;Bourges Airport;Public
Brest / Guipavas;LFRB;Brest Bretagne Airport;Public
Brétigny-sur-Orge;LFPY;Brétigny-sur-Orge Air Base (BA 217);Military
Briare / Châtillon-sur-Loire;LFEI;Briare - Châtillon Airport;Public
Brienne-le-Château;LFFN;Brienne-le-Château Airport;Public
Brioude / Beaumont;LFHR;Brioude - Beaumont Airport;Public
Brive-la-Gaillarde / La Roche;LFBV;Brive–Laroche Airport;Public
Brive-la-Gaillarde / Souillac;LFSL;Brive–Souillac Airport;Public
Broye-Aubigney-Montseugny;LFYH;Broyes-lès-Pesmes Airport;
Buno-Bonnevaux;LFFB;Buno-Bonnevaux Aerodrome;Restricted
Caen / Carpiquet;LFRK;Caen – Carpiquet Airport;Public
Cahors / Lalbenque;LFCC;Cahors - Lalbenque Airport;Public
Calais / Dunkirk;LFAC;Calais–Dunkerque Airport;Public
Calvi / Sainte-Catherine;LFKC;Calvi – Sainte-Catherine Airport;Public
Cambrai / Épinoy;LFQI;Cambrai - Épinoy Air Base (BA 103);Military
Cambrai / Niergnies;LFYG;Cambrai-Niergnies Airport;Public
Cannes / Mandelieu-la-Napoule;LFMD;Cannes – Mandelieu Airport;Public
Cannes / Promenade de la Croisette;;Cannes - La Croisette Heliport;
Carcassonne / Salvaza;LFMK;Carcassonne Airport;Public
Carpentras;LFNH;Carpentras Airport;Public
Cassagnes-Bégonhès;LFIG;Cassagnes-Bégonhès Airport;Public
Castelnaudary / Villeneuve-la-Comptal;LFMW;Castelnaudary – Villeneuve Airport;Public
Castelnau-Magnoac;LFDQ;Castelnau-Magnoac Aerodrome;Restricted
Castelsarrasin / Moissac;LFCX;Castelsarrazin - Moissac Airport;Public
Castres / Mazamet;LFCK;Castres–Mazamet Airport;Public
Cazaux / La Teste-de-Buch;LFBC;Cazaux Air Base (BA 120);Military
Cazères / Palaminy;LFJH;Cazères - Palaminy Aerodrome;Restricted
Cessey / Baigneux-les-Juifs;LFSY;Cessey Airport;Private
Chalais;LFIH;Chalais Airport;Public
Châlons-en-Champagne / Écury-sur-Coole;LFQK;Châlons - Écury-sur-Coole Airport;Public
Châlons-en-Champagne / Vatry;LFOK;Châlons Vatry Airport;Public
Chalon-sur-Saône / Champforgeuil;LFLH;Chalon – Champforgeuil Airport;Public
Chambéry / Aix-les-Bains;LFLB;Chambéry Airport;Public
Chambéry / Challes-les-Eaux;LFLE;Chambéry Aerodrome;Public
Champagnole / Crotenay;LFGX;Champagnole - Crotenay Aerodrome;Restricted
Charleville-Mézières;LFQV;Charleville-Mézières Aerodrome (UAF);Public
Chartres / Champhol;LFOR;Chartres – Champhol Aerodrome;Public
Château-Arnoux-Saint-Auban;LFMX;Château-Arnoux-Saint-Auban Airport;Public
Châteaubriant / Pouancé;LFTQ;Châteaubriant - Pouancé Aerodrome;Restricted
Châteaudun;LFOC;Châteaudun Airport (BA 279);Public/mil.
Châteauneuf-sur-Cher;LFFU;Châteauneuf-sur-Cher Airport;Public
Châteauroux / Déols;LFLX;"Châteauroux-Centre ""Marcel Dassault"" Airport";Public
Châteauroux / Villers-les-Ormes;LFEJ;Châteauroux - Villers Airport;Public
Château-Thierry / Belleau;LFFH;Château-Thierry – Belleau Aerodrome;Restricted
Châtellerault / Targe;LFCA;Châtellerault - Targe Airport;Public
Châtillon-sur-Seine;LFQH;Châtillon-sur-Seine Airport;Public
Chaumont / Semoutiers;LFJA;Quartier Général d'Aboville (UAF);Government/mil.
Chauvigny;LFDW;Chauvigny Airport;Public
Chavenay / Villepreux;LFPX;Aérodrome de Chavenay - Villepreux (UAF);Public
Chelles / Le Pin;LFPH;Chelles - Le Pin Aerodrome (UAF);Public
Cherbourg-Octeville / Maupertus-sur-Mer;LFRC;Cherbourg – Maupertus Airport;Public
Cholet / Le Pontreau;LFOU;Cholet - Le Pontreau Aerodrome (UAF);Public
Clamecy;LFJC;Clamecy Airport;Public
Clermont-Ferrand / Auvergne;LFLC;Clermont-Ferrand Auvergne Airport;Public
Coëtquidan / Guer;LFXQ;Coëtquidan Air Base;Military
Cognac / Châteaubernard;LFBG;Cognac – Châteaubernard Air Base (BA 709);Military
Col de Peyresourde / Balestas;LFIP;Peyresourde - Balestas Aerodrome;Restricted
Colmar / Houssen;LFGA;Colmar Airport;Public
Colmar / Meyenheim;LFSC;Quartier Colonel Dio (BA 132);Military
Compiègne / Margny-lès-Compiègne;LFAD;Compiègne - Margny Airport;Public
Condé-sur-Noireau;LFAN;Condé-sur-Noireau Aerodrome;
Condom / Valence-sur-Baïse;LFID;Condom - Valence-sur-Baïse Airport;Public
Corlier;LFJD;Corlier Aerodrome;Restricted
Corte;LFKT;Corte Airport;Public
Cosne-Cours-sur-Loire;LFGH;Cosne-sur-Loire Airport;Public
Couhé / Vérac;LFDV;Couhé - Vérac Airport;Public
Coulommiers / Voisins;LFPK;Coulommiers – Voisins Aerodrome;Public
Courchevel / Saint-Bon-Tarentaise;LFLJ;Courchevel Altiport;Restricted
Creil;LFPC;Creil Air Base (BA 110);Military
Cuers / Pierrefeu;LFTF;Cuers - Pierrefeu Airport;Public
Damblain;LFYD;Damblain Airport;
Dax / Seyresse;LFBY;Dax - Seyresse Airport;Public
Deauville / Normandie;LFRG;Deauville – Normandie Airport;Public
Dieppe / Saint-Aubin-sur-Scie;LFAB;Dieppe - Saint-Aubin Airport (UAF);Public
Dieuze / Guéblange;LFQZ;Dieuze - Gueblange Aerodrome;Restricted
Dijon / Darois;LFGI;Dijon - Darois Airport;Public
Dijon / Longvic;LFSD;Dijon–Bourgogne Airport (BA 102);Public/mil.
Dinan / Trélivan;LFEB;Dinan - Trélivan Airport;Public
Dinard / Pleurtuit / Saint-Malo;LFRD;Dinard–Pleurtuit–Saint-Malo Airport;Public
Dole / Tavaux;LFGJ;Dole–Jura Airport;Public
Doncourt-lès-Conflans;LFGR;Doncourt-lès-Conflans Airport;Public
Dreux / Vernouillet;LFON;Vernouillet Airport;Public
Dunkirk / Les Moëres;LFAK;Dunkerque – Les Moëres Airport;Restricted
Égletons;LFDE;Égletons Airport;Public
Enghien-les-Bains / Moisselles;LFFE;Enghien Moisselles Airport;Restricted
Épernay / Plivot;LFSW;Épernay - Plivot Airport;Public
Épinal / Dogneville;LFSE;Épinal - Dogneville Airport;Public
Épinal / Mirecourt;LFSG;Épinal – Mirecourt Airport;Public
Étain / Rouvres-en-Woëvre;LFQE;Étain - Rouvres Air Base;
Étampes / Mondésir;LFOX;Étampes - Mondésir Aerodrome (UAF);Public
Étrépagny;LFFY;Étrépagny Aerodrome;Restricted
Eu / Mers-les-Bains / Le Tréport;LFAE;Eu - Mers - Le Tréport Aerodrome (UAF);Restricted
Évreux / Fauville;LFOE;Évreux-Fauville Air Base (BA 105);Military
Évry;;Évry Heliport;
Falaise / Eraines;LFAS;Falaise - Monts d'Eraines Aerodrome;Restricted
Fayence;LFMF;Fayence-Tourrettes Airfield;Public
Feurs / Chambéon;LFLZ;Feurs - Chambéon Airport;Public
Figari Corse-du-Sud;LFKF;Figari–Sud Corse Airport;Public
Figeac / Livernon;LFCF;Figeac - Livernon Airport;Public
Flers / Saint-Paul;LFOG;Flers - Saint-Paul Aerodrome (UAF);Public
Florac / Sainte-Enimie;LFNO;Florac - Sainte-Enimie Aerodrome;Restricted
Fontenay-le-Comte;LFFK;Fontenay-le-Comte Airport;Public
Fontenay-Trésigny;LFPQ;Fontenay-Trésigny Airport;Public
Fumel / Montayral;LFDX;Fumel - Montayral Airport;Public
Gaillac / Lisle-sur-Tarn;LFDG;Gaillac - Lisle-sur-Tarn Airport;Public
Gap / Tallard;LFNA;Gap–Tallard Airport;Public
Ghisonaccia / Alzitone;LFKG;Ghisonaccia Alzitone Airport;Restricted
Granville / Mont-Saint-Michel;LFRF;Granville - Mont Saint-Michel Aerodrome (UAF);Public
Graulhet / Montdragon;LFCQ;Graulhet - Montdragon Airport;Public
Gray;LFEV;Gray - Saint-Adrien Airport[fr];Public
Grenoble / Le Versoud;LFLG;Grenoble – Le Versoud Aerodrome;Public
Grenoble / Saint-Étienne-de-Saint-Geoirs;LFLS;Alpes–Isère Airport;Public
Guéret / Saint-Laurent;LFCE;Guéret - Saint-Laurent Airport;Public
Guiscriff;LFES;Guiscriff Scaer Airport;
Haguenau;LFSH;Haguenau Airport;Public
Île d'Yeu;LFEY;Île d'Yeu Aerodrome;Public
Issoire / Le Broc;LFHA;Issoire - Le Broc Airport;Public
Issoudun / Le Fay;LFEK;Issoudun - Le Fay Airport;Public
Issy-les-Moulineaux;LFPI;Paris - Issy-les-Moulineaux Heliport (UAF);
Istres / Le Tubé;LFMI;Istres-Le Tubé Air Base (BA 125);Public/mil.
Itxassou;LFIX;Itxassou Aerodrome;Restricted
Joigny;LFGK;Joigny Airport;Public
Joinville / Val-d'Ornain;LFFJ;Joinville - Mussey Aerodrome;Restricted
Jonzac / Neulles;LFCJ;Jonzac - Neulles Airport;Public
Juan-les-Pins;;Juan-les-Pins Heliport;
Juvancourt;LFQX;Juvancourt Aerodrome;Restricted
La Baule-Escoublac;LFRE;La Baule - Pornichet - Le Pouliguen Airport (UAF);Public
La Défense;;Paris - La Défense Heliport;
La Ferté-Alais;LFFQ;La Ferté-Alais Aerodrome;Restricted
La Ferté-Gaucher;LFFG;La Ferté-Gaucher Aerodrome;Restricted
La Flèche / Thorée-les-Pins;LFAL;La Flèche - Thorée-les-Pins Aerodrome;Restricted
La Grand-Combe;LFTN;La Grand-Combe Aerodrome;Restricted
La Motte-Chalancon;LFJE;La Motte-Chalancon Aerodrome;Restricted
La Réole / Floudès;LFDR;La Réole - Floudès Airport;Public
La Rochelle / Île de Ré;LFBH;La Rochelle – Île de Ré Airport;Public
La Roche-sur-Yon / Les Ajoncs;LFRI;La Roche-sur-Yon Aerodrome (UAF);Public
La Tour-du-Pin / Cessieu;LFKP;La Tour-du-Pin - Cessieu Aerodrome;Restricted
L'Aigle / Saint-Michel-Tubœuf;LFOL;L'Aigle - Saint-Michel Airport;Public
Lamotte-Beuvron;LFFM;Lamotte-Beuvron Aerodrome;Restricted
Landivisiau;LFRJ;Landivisiau Air Base;Military
Langogne / Lespéron;LFHL;Langogne - Lespéron Airport;Public
Langres / Rolampont;LFSU;Langres - Rolampont Airport;Public
Lannion;LFRO;Lannion – Côte de Granit Airport;Public
Lanvéoc / Poulmic;LFRL;Lanvéoc - Poulmic Air Base;Military
Laon / Chambry;LFAF;Laon - Chambry Airport;Public
Lapalisse / Périgny;LFHX;Lapalisse - Périgny Airport;Public
Laval / Entrammes;LFOV;Laval - Entrammes Airport (UAF);Public
Le Blanc;LFEL;Le Blanc Airport;Public
Le Castellet;LFMQ;Le Castellet Airport;Private
Le Havre / Octeville-sur-Mer;LFOH;Le Havre – Octeville Airport;Public
Le Havre / Saint-Romain-de-Colbosc;LFOY;Le Havre - Saint-Romain Airport;Public
Le Luc / Le Cannet;LFMC;Le Luc – Le Cannet Airport;Public
Le Mans / Arnage;LFRM;Le Mans - Arnage Aerodrome (UAF);Public
Le Mazet-de-Romanin;LFNZ;Le Mazet-de-Romanin Aerodrome (UAF);Restricted
Le Plessis-Belleville;LFPP;Plessis-Belleville Airport;Public
Le Puy-en-Velay / Loudes;LFHP;Le Puy – Loudes Airport;Public
Le Touquet;LFAT;Le Touquet – Côte d'Opale Airport;Public
Lens / Bénifontaine;LFQL;Lens - Bénifontaine Airport;Public
Les Mureaux;LFXU;Les Mureaux Airport;Public
Les Sables-d'Olonne / Talmont-Saint-Hilaire;LFOO;Les Sables-d'Olonne - Talmont Airport;Public
Lesparre-Médoc / Saint-Laurent-Médoc;LFDU;Lesparre - Saint-Laurent-de-Médoc Airport;Public
Lessay;LFOM;Lessay Airport;Public
Lézignan-Corbières;LFMZ;Lézignan-Corbières Airport;Public
Libourne / Les Artigues-de-Lussac;LFDI;Libourne - Artigues-de-Lussac Airport;Public
Lille / Lesquin;LFQQ;Lille Airport;Public
Lille / Marcq-en-Barœul;LFQO;Lille - Marcq-en-Baroeul Airport;Public
Limoges / Bellegarde;LFBL;Limoges – Bellegarde Airport;Public
Lognes / Émerainville;LFPL;Lognes – Émerainville aerodrome (UAF);Public
Longuyon / Villette;LFGS;Longuyon - Villette Airport;Public
Lons-le-Saunier / Courlaoux;LFGL;Lons-le-Saunier - Courlaoux Airport;Public
Lorient / Lann / Bihoué;LFRH;Lorient South Brittany Airport;Government
Loudun;LFDL;Loudun Airport;Public
Lunéville / Croismare;LFQC;Lunéville-Croismare Airport;Public
Lurcy-Lévis;LFJU;Lurcy-Lévis Aerodrome;Restricted
Lure / Malbouhans;LFYL;Lure - Malbouhans Airport;
Luxeuil-les-Bains / Saint-Sauveur;LFSX;Luxeuil - Saint-Sauveur Air Base (BA 116);Military
Lyon / Brindas;LFKL;Lyon - Brindas Aerodrome;Restricted
Lyon / Bron;LFLY;Lyon–Bron Airport;Public
Lyon / Colombier-Saugnieu;LFLL;Lyon–Saint-Exupéry Airport;Public
Lyon / Corbas;LFHJ;Lyon - Corbas Aerodrome;Restricted
Mâcon / Charnay-lès-Mâcon;LFLM;Mâcon - Charnay Airport (UAF);Public
Mantes-la-Jolie / Chérence;LFFC;Mantes - Chérence Aerodrome;Restricted
Marennes;LFJI;Marennes Aerodrome;Restricted
Marigny / Le Grand;LFYM;Marigny - Le Grand Airport;
Marmande / Virazeil;LFDM;Marmande – Virazeil Airport;Public
Marseille / Marignane;LFML;Marseille Provence Airport;Public
Maubeuge / Élesmes;LFQJ;Maubeuge Aerodrome (UAF);Public
Mauléon;LFJB;Mauléon Airport;Public
Meaux / Esbly;LFPE;Meaux - Esbly Aerodrome (UAF);Public
Megève;LFHM;Megève Altiport;Restricted
Melun;LFPM;Melun Villaroche Aerodrome;Public
Mende / Brenoux;LFNB;Mende - Brenoux Airport;Public
Méribel;LFKX;Méribel Altiport;Restricted
Merville / Calonne-sur-la-Lys;LFQT;Merville–Calonne Airport;Public
Metz / Frescaty;LFSF;Metz-Frescaty Air Base (BA 128);Military
Metz / Nancy;LFJL;Metz–Nancy–Lorraine Airport;Public
Millau / Larzac;LFCM;Millau - Larzac Airport;Public
Mimizan;LFCZ;Mimizan Airport;Public
Montagne Noire / Revel;LFMG;Montagne Noire Aerodrome;Restricted
Montaigu / Saint-Georges-de-Montaigu;LFFW;Montaigu - Saint-Georges Airport;Public
Montargis / Vimory;LFEM;Montargis - Vimory Airport (UAF);Public
Montauban;LFDB;Montauban Airport;Public
Montbéliard / Courcelles-lès-Montbéliard;LFSM;Montbéliard – Courcelles Aerodrome;Public
Montceau-les-Mines / Pouilloux;LFGM;Montceau-les-Mines - Pouilloux Airport;Public
Mont-Dauphin / Saint-Crépin;LFNC;Mont-Dauphin - Saint-Crépin Airport;Public
Mont-de-Marsan;LFBM;Mont-de-Marsan Air Base (BA 118);Military
Montdidier;LFAR;Montdidier Aerodrome;Restricted
Montélimar / Ancône;LFLQ;Montélimar - Ancône Airport;Public
Montendre / Marcillac;LFDC;Montendre - Marcillac Airport;Public
Mont-Louis / La Quillane;LFNQ;Mont-Louis - La Quillane Aerodrome;Restricted
Montluçon / Domérat;LFLT;Montluçon - Domérat Aerodrome;Restricted
Montluçon / Guéret;LFBK;Montluçon – Guéret Airport;Public
Montmédy / Marville;LFYK;Montmédy - Marville Airport;
Montpellier / Candillargues;LFNG;Montpellier - Candillargues Airport;Public
Montpellier / Mauguio;LFMT;Montpellier–Méditerranée Airport;Public
Morestel;LFHI;Morestel Aerodrome;Public
Moret-sur-Loing / Épisy;LFPU;Moret - Episy Aerodrome;Public
Morlaix / Ploujean;LFRU;Morlaix – Ploujean Airport;Public
Mortagne-au-Perche;LFAX;Mortagne Aerodrome (UAF);Public
Moulins / Montbeugny;LFHY;Moulins – Montbeugny Airport;Public
Mourmelon-le-Grand;LFXM;Mourmelon Aerodrome;
Moussoulens;;Moussoulens Air Base;Military
Mulhouse;LFSB;EuroAirport Basel Mulhouse Freiburg;Public
Mulhouse / Habsheim;LFGB;Mulhouse–Habsheim Airport;Public
Muret / Lherm;LFBR;Muret – Lherm Aerodrome;Public
Nancy / Azelot;LFEX;Nancy - Azelot Aerodrome;Restricted
Nancy / Essey;LFSN;Nancy-Essey Airport;Public
Nancy / Malzéville;LFEZ;Nancy - Malzéville Aerodrome;Restricted
Nancy / Ochey;LFSO;Nancy – Ochey Air Base (BA 133);Military
Nangis / Les Loges;LFAI;Nangis les Loges Aerodrome (UAF);Public
Nantes / Bouguenais;LFRS;Nantes Atlantique Airport;Public
Neufchâteau;LFFT;Neufchâteau Airport;Public
Nevers / Fourchambault;LFQG;Nevers - Fourchambault Airport (WEB UAF);Public
Nice / Côte d'Azur;LFMN;Nice Côte d'Azur Airport;Public
Nîmes / Courbessac;LFME;Nîmes - Courbessac Airport;Public
Nîmes / Garons;LFTW;Nîmes–Alès–Camargue–Cévennes Airport;Public
Niort / Souché;LFBN;Niort - Souché Airport (WEB UAF);Public
Nogaro;LFCN;Nogaro Airport;Public
Nuits-Saint-Georges;LFGZ;Nuits-Saint-Georges Aerodrome;Restricted
Oloron-Sainte-Marie / Herrère;LFCO;Oloron - Herrère Airport;Public
Orange / Caritat;LFMO;Orange-Caritat Air Base (BA 115);Military
Orléans / Bricy;LFOJ;Orléans – Bricy Air Base (BA 123);Military
Orléans / Saint-Denis-de-l'Hôtel;LFOZ;Orléans – Saint-Denis-de-l'Hôtel Airport;Public
Oyonnax / Arbent;LFLK;Oyonnax - Arbent Aerodrome;Public
Pamiers / Les Pujols;LFDJ;Pamiers - Les Pujols Airport;Public
Paray-le-Monial;LFGN;Paray-le-Monial Airport;Public
Paris / Épiais-lès-Louvres / Le Mesnil-Amelot / Mauregard / Mitry-Mory / Roissy-en-France / Tremblay-en-France;LFPG;Charles de Gaulle Airport;Public
Paris / Le Bourget;LFPB;Paris–Le Bourget Airport;Public
Paris / Orly;LFPO;Orly Airport;Public
Pau / Uzein;LFBP;Pau Pyrénées Airport;Public
Périgueux / Bassillac;LFBX;Périgueux Bassillac Airport;Public
Péronne / Saint-Quentin;LFAG;Peronne-St Quentin Airport;Public
Pérouges / Meximieux;LFHC;Pérouges - Meximieux Aerodrome;Public
Perpignan / Rivesaltes;LFMP;Perpignan–Rivesaltes Airport;Public
Persan / Beaumont-sur-Oise;LFPA;Persan-Beaumont Airport;Public
Pézenas / Nizas;LFNP;Pézenas - Nizas Aerodrome;Restricted
Phalsbourg / Bourscheid;LFQP;Quartier La Horie;Military
Pierrelatte;LFHD;Pierrelate Airport;Public
Pithiviers;LFFP;Pithiviers Aerodrome;Restricted
Ploërmel / Loyat;LFRP;Ploërmel - Loyat Airport;Public
Poitiers / Biard;LFBI;Poitiers–Biard Airport;Public
Pons / Avy;LFCP;Pons - Avy Airport;Public
Pontarlier;LFSP;Pontarlier Airport;Public
Pontivy;LFED;Pontivy Airport;Public
Pontoise / Cormeilles-en-Vexin;LFPT;Pontoise – Cormeilles Aerodrome;Public
Pont-Saint-Esprit;LFND;Pont-Saint-Esprit Airport;Public
Pont-Saint-Vincent;LFSV;Pont-Saint-Vincent Aerodrome;Restricted
Pont-sur-Yonne;LFGO;Pont-sur-Yonne Airport;Public
Pouilly-en-Auxois / Maconge;LFEP;Pouilly - Maconge Aerodrome;Restricted
Propriano;LFKO;Propriano Airport;Public
Puimoisson;LFTP;Puimoisson Aerodrome;Restricted
Puivert;LFNW;Puivert Aerodrome;Restricted
Quiberon;LFEQ;Quiberon Aerodrome (UAF);Public
Quimper / Pluguffan;LFRQ;Quimper–Cornouaille Airport;Public
Redon / Bains-sur-Oust;LFER;Redon - Bains-sur-Oust Aerodrome (UAF);Public
Reims / Champagne-Ardenne;LFSR;Reims - Champagne Aerodrome (BA 112);Public
Reims / Prunay;LFQA;Reims – Prunay Aerodrome;Public
Rennes / Saint-Jacques-de-la-Lande;LFRN;Rennes–Saint-Jacques Airport;Public
Rethel / Perthes;LFAP;Rethel - Perthes Aerodrome;Restricted
Revel / Montgey;LFIR;Revel - Montgey Aerodrome;Restricted
Ribérac / Saint-Aulaye;LFIK;Ribérac - Saint-Aulaye Aerodrome;Restricted
Rion-des-Landes;LFIL;Rion-des-Landes Aerodrome;Public
Roanne / Renaison;LFLO;Roanne Renaison Airport (UAF);Public
Rochefort / Saint-Agnant;LFDN;Rochefort – Saint-Agnant Airport (BA 721) (UAF);Public/mil.
Rochefort / Soubise;LFXR;Rochefort - Soubise Airport;
Rodez / Marcillac-Vallon;LFCR;Rodez–Aveyron Airport;Public
Romans-sur-Isère / Saint-Paul-lès-Romans;LFHE;Romans - Saint-Paul Airport;Public
Romilly-sur-Seine;LFQR;Romilly-sur-Seine Airport;Public
Romorantin-Lanthenay / Pruniers;LFYR;Romorantin - Pruniers Airport (DA 273);Public/mil.
Rouen;LFOP;Rouen Airport;Public
Royan / Médis;LFCY;Royan – Médis Aerodrome;Public
Ruoms;LFHF;Ruoms Aerodrome;Restricted
Saint-Affrique / Belmont-sur-Rance;LFIF;Saint-Affrique - Belmont Aerodrome;Restricted
Saint-André-de-l'Eure;LFFD;Saint-André-de-l'Eure Airport;Restricted
Saint-Brieuc / Côtes-d'Armor;LFRT;Saint-Brieuc – Armor Airport;Public
Saint-Chamond / L'Horme;LFHG;Saint-Chamond - L'Horme Airport;Public
Saint-Christol;LFXI;Saint-Christol Airport;
Saint-Claude / Pratz;LFKZ;Saint-Claude - Pratz Aerodrome;Restricted
Saint-Cyr-l'École;LFPZ;Saint-Cyr-l'École Aerodrome (UAF);Public
Saint-Dié-des-Vosges / Remomeix;LFGY;Saint-Dié - Remomeix Airport;Public
Saint-Dizier;LFSI;Saint-Dizier – Robinson Air Base (BA 113);Military
Sainte-Foy-la-Grande;LFDF;Sainte-Foy-la-Grande Airport;Public
Sainte-Léocadie;LFYS;Sainte-Léocadie Aerodrome;Restricted
Saintes / Thénac;LFXB;Saintes - Thénac Airport (EETAA 722);Public/mil.
Saint-Étienne / Andrézieux-Bouthéon;LFMH;Saint-Étienne–Bouthéon Airport;Public
Saint-Florentin / Chéu;LFGP;Saint-Florentin - Chéu Airport;Public
Saint-Flour / Coltines;LFHQ;Saint-Flour - Coltines Airport;Public
Saint-Galmier;LFKM;Saint-Galmier Aerodrome;Restricted
Saint-Gaudens / Montréjeau;LFIM;Saint-Gaudens - Montréjeau Airport;Public
Saint-Girons / Antichan;LFCG;Saint-Girons - Antichan Airport;Public
Saint-Jean-d'Angély / Saint-Denis-du-Pin;LFIY;Saint-Jean-d'Angély - Saint-Denis-du-Pin Aerodrome;Restricted
Saint-Jean-d'Avelanne;LFKH;Saint-Jean-d'Avelanne Aerodrome;Restricted
Saint-Jean-en-Royans;LFKE;Saint-Jean-en-Royans Aerodrome;Restricted
Saint-Junien;LFBJ;Saint-Junien Maryse Bastié Airport;Public
Saint-Martin-de-Londres;LFNL;Saint-Martin-de-Londres Aerodrome;Restricted
Saint-Nazaire / Montoir-de-Bretagne;LFRZ;Saint-Nazaire Montoir Airport (UAF);Public
Saint-Omer / Wizernes;LFQN;Saint-Omer - Wizernes Airport;Public
Saint-Pierre-d'Oléron;LFDP;Saint-Pierre-d'Oléron Airport;Public
Saint-Quentin / Roupy;LFOW;Saint-Quentin - Roupy Airport;Public
Saint-Rambert-d'Albon;LFLR;Saint-Rambert-d'Albon Airport;Public
Saint-Rémy-de-Maurienne;LFKR;Saint-Rémy-de-Maurienne Aerodrome;Restricted
Saint-Servan / Saint-Malo;LFEO;Saint-Servan Airport;
Saint-Simon / Clastres;LFYT;Saint-Simon – Clastres Air Base;Military
Saint-Tropez / La Môle;LFTZ;La Môle – Saint-Tropez Airport;Restricted
Saint-Tropez / Le Pilon;LFTT;Saint-Tropez - Le Pilon Heliport;
Saint-Valery-en-Caux/ Vittefleur;LFOS;Saint-Valery - Vittefleur Airport;Public
Saint-Yan;LFLN;Saint-Yan Airport;Public
Sallanches;LFHZ;Sallanches Aerodrome;Restricted
Salon-de-Provence;LFMY;Salon-de-Provence Air Base (BA 701);Military
Salon-de-Provence / Eyguières;LFNE;Salon - Eyguières Airport;Public
Sari-Solenzara;LFKS;Solenzara Air Base (BA 126);Military
Sarlat-la-Canéda / Domme;LFDS;Sarlat - Domme Airport;Public
Sarrebourg / Buhl;LFGT;Sarrebourg - Buhl Airport;Public
Sarreguemines / Neunkirch;LFGU;Sarreguemines - Neunkirch Airport;Public
Sarre-Union;LFQU;Sarre-Union Aerodrome;Restricted
Saulieu / Liernais;LFEW;Saulieu - Liernais Airport;Public
Saumur / Saint-Florent-le-Vieil;LFOD;Saumur - Saint-Hilaire - Saint-Florent Aerodrome (UAF);Public
Saverne / Steinbourg;LFQY;Saverne - Steinbourg Aerodrome;Restricted
Sedan / Douzy;LFSJ;Sedan - Douzy Airport;Public
Semur-en-Auxois;LFGQ;Semur-en-Auxois Airport;Public
Serres / La Bâtie-Montsaléon;LFTM;Serres - La Bâtie-Montsaléon Aerodrome;Restricted
Sézanne / Saint-Remy-sous-Broyes;LFFZ;Sézanne - Saint-Remy Airport;Public
Sisteron / Thèze;LFNS;Sisteron - Thèze Aerodrome;Restricted
Soissons / Courmelles;LFJS;Soissons - Courmelles Airport;Public
Sollières-Sardières;LFKD;Sollières-Sardières Aerodrome;Restricted
Soulac-sur-Mer;LFDK;Soulac-sur-Mer Airport;Public
Strasbourg / Entzheim;LFST;Strasbourg Airport (BA 124);Public/mil.
Strasbourg / Neuhof;LFGC;Strasbourg - Neuhof Airport;Public
Tarbes / Laloubère;LFDT;Tarbes - Laloubère Airport;Public
Tarbes / Lourdes;LFBT;Tarbes–Lourdes–Pyrénées Airport;Public
Thionville / Yutz;LFGV;Thionville - Yutz Airport;Public
Thouars;LFCT;Thouars Airport;Public
Til-Châtel;LFET;Til-Châtel Airport;Public
Toul / Rosières-en-Haye;LFSL;Toul-Rosières Air Base (BA 136);Military
Toulon / Hyères / Le Palyvestre;LFTH;Toulon–Hyères Airport;Public
Toulouse / Balma;LFCL;Toulouse – Lasbordes Airport;Public
Toulouse / Blagnac;LFBO;Toulouse–Blagnac Airport;Public
Toulouse / Bourg-Saint-Bernard;LFIT;Toulouse - Bourg-Saint-Bernard Aerodrome;Restricted
Toulouse / Francazal;LFBF;Toulouse - Francazal Air Base (BA 101);Military
Toulouse / Montaudran;LFIO;Toulouse - Montaudran Airport;
Tournus / Cuisery;LFFX;Tournus - Cruisery Aerodrome;Restricted
Tours / Le Louroux;LFJT;Tours - Le Louroux Aerodrome;Restricted
Tours / Loire Valley;LFOT;Tours Val de Loire Airport;Public
Tours / Sorigny;LFEN;Tours - Sorigny Airport;Public
Toussus-le-Noble;LFPN;Toussus-le-Noble Airport;Public
Troyes / Barberey-Saint-Sulpice;LFQB;Troyes – Barberey Airport;Public
Ushant;LFEC;Ouessant Airport;Public
Ussel / Thalamy;LFCU;Ussel - Thalamy Airport;Public
Uzès;LFNU;Uzès Aerodrome;Restricted
Valdahon;LFXH;Valdahon Air Base;Military
Valence / Chabeuil;LFLU;Valence-Chabeuil Airport;Public
Valenciennes / Denain;LFAV;Valenciennes-Denain Airport;Public
Valréas / Visan;LFNV;Valréas - Visan Airport;Public
Vannes / Meucon;LFRV;Vannes Airport;Public
Vauville;LFAU;Vauville Aerodrome;Restricted
Vélizy-Villacoublay;LFPV;Vélizy – Villacoublay Air Base (BA 107);Military
Vendays-Montalivet;LFIV;Vendays-Montalivet Aerodrome;Restricted
Verdun / Le Rozelier;LFGW;Verdun-Le-Rozelier Airport;Public
Vesoul / Frotey;LFQW;Vesoul - Frotey Airfield;Public
Vichy / Charmeil;LFLV;Vichy — Charmeil Airport;Public
Vienne / Reventin-Vaugris;LFHH;Vienne - Reventin Airport;Public
Vierzon / Méreau;LFFV;Vierzon - Méreau Aerodrome;Restricted
Villefranche-de-Rouergue;LFCV;Villefranche-de-Rouergue Airport;Public
Villefranche-sur-Saône / Tarare;LFHV;Villefranche – Tarare Airport;Public
Villeneuve-sur-Lot;LFCW;Villeneuve-sur-Lot Airport;Public
Villerupt;LFAW;Villerupt Aerodrome;Restricted
Vinon-sur-Verdon;LFNF;Vinon Airport;Public
Vitry-en-Artois;LFQS;Vitry-En-Artois Airport;Public
Vitry-le-François / Vauclerc;LFSK;Vitry-le-François - Vauclerc Airport;Public
Vittel / Auzainvilliers;LFXC;Vittel - Auzainvilliers Airport (military);
Vittel / Champ de Courses;LFSZ;Vittel - Champ-de-Courses Airport;
